order,mode_key,mode,file,tokens,turns,success,timesteps,nonzero_calls,zero_token_calls,avg_tokens_per_call,median_tokens_per_call,max_tokens_per_call,model
boiled_egg,baseline,Free-form,experiment_2025-12-08_22-01-38_boiled_egg.json,8160,37,1,14,34,3,240.0,127.0,1808.0,qwen2.5-3b
boiled_egg,baseline,Free-form,experiment_2025-12-08_22-06-20_boiled_egg.json,9974,58,1,15,57,1,174.98245614035088,150.0,1673.0,qwen2.5-3b
boiled_egg,baseline,Free-form,experiment_2025-12-08_22-17-32_boiled_egg.json,10382,33,1,14,31,2,334.9032258064516,151.0,1808.0,qwen2.5-3b
boiled_egg,baseline,Free-form,experiment_2025-12-08_22-36-04_boiled_egg.json,43177,197,1,15,196,1,220.2908163265306,154.0,3374.0,qwen2.5-3b
boiled_egg,baseline,Free-form,experiment_2025-12-08_22-53-54_boiled_egg.json,12434,54,1,15,53,1,234.60377358490567,141.0,3798.0,qwen2.5-3b
boiled_egg,baseline,Free-form,experiment_2025-12-08_22-58-20_boiled_egg.json,9468,21,1,14,18,3,526.0,149.5,3622.0,qwen2.5-3b
boiled_egg,baseline,Free-form,experiment_2025-12-08_23-03-21_boiled_egg.json,13857,33,1,15,28,5,494.89285714285717,157.5,3742.0,qwen2.5-3b
boiled_egg,baseline,Free-form,experiment_2025-12-08_23-09-06_boiled_egg.json,9378,36,1,15,35,1,267.9428571428571,150.0,3481.0,qwen2.5-3b
boiled_egg,baseline,Free-form,experiment_2025-12-08_23-12-36_boiled_egg.json,16845,102,1,14,102,0,165.14705882352942,121.5,2153.0,qwen2.5-3b
boiled_egg,baseline,Free-form,experiment_2025-12-08_23-19-27_boiled_egg.json,12804,39,1,15,35,4,365.8285714285714,141.0,3767.0,qwen2.5-3b
boiled_egg,reduced,Reduced,experiment_2025-12-09_19-07-41_boiled_egg.json,514,3,1,14,3,0,171.33333333333334,179.0,181.0,qwen2.5-3b
boiled_egg,reduced,Reduced,experiment_2025-12-09_19-08-37_boiled_egg.json,1621,8,1,14,8,0,202.625,160.0,447.0,qwen2.5-3b
boiled_egg,reduced,Reduced,experiment_2025-12-09_19-09-21_boiled_egg.json,1226,5,1,14,5,0,245.2,252.0,343.0,qwen2.5-3b
boiled_egg,reduced,Reduced,experiment_2025-12-09_19-10-44_boiled_egg.json,544,3,1,14,3,0,181.33333333333334,149.0,291.0,qwen2.5-3b
boiled_egg,reduced,Reduced,experiment_2025-12-09_19-12-04_boiled_egg.json,888,9,1,15,5,4,177.6,156.0,240.0,qwen2.5-3b
boiled_egg,reduced,Reduced,experiment_2025-12-09_19-14-00_boiled_egg.json,76,1,1,15,1,0,76.0,76.0,76.0,qwen2.5-3b
boiled_egg,reduced,Reduced,experiment_2025-12-09_19-16-18_boiled_egg.json,328,2,1,14,2,0,164.0,164.0,173.0,qwen2.5-3b
boiled_egg,reduced,Reduced,experiment_2025-12-09_19-17-01_boiled_egg.json,1319,11,1,15,7,4,188.42857142857142,156.0,335.0,qwen2.5-3b
boiled_egg,reduced,Reduced,experiment_2025-12-09_19-18-18_boiled_egg.json,790,3,1,14,3,0,263.3333333333333,270.0,293.0,qwen2.5-3b
boiled_egg,reduced,Reduced,experiment_2025-12-09_19-19-04_boiled_egg.json,4799,5,1,14,5,0,959.8,389.0,3656.0,qwen2.5-3b
boiled_mushroom,baseline,Free-form,experiment_2025-12-09_19-38-36_boiled_mushroom.json,10588,51,1,14,50,1,211.76,138.0,3660.0,qwen2.5-3b
boiled_mushroom,baseline,Free-form,experiment_2025-12-09_19-43-28_boiled_mushroom.json,13188,21,1,14,20,1,659.4,152.0,3592.0,qwen2.5-3b
boiled_mushroom,baseline,Free-form,experiment_2025-12-09_19-49-02_boiled_mushroom.json,19266,58,1,14,56,2,344.0357142857143,153.0,3595.0,qwen2.5-3b
boiled_mushroom,baseline,Free-form,experiment_2025-12-09_19-55-31_boiled_mushroom.json,29697,54,1,15,52,2,571.0961538461538,152.0,3591.0,qwen2.5-3b
boiled_mushroom,baseline,Free-form,experiment_2025-12-09_20-05-20_boiled_mushroom.json,12927,51,1,14,51,0,253.47058823529412,169.0,2512.0,qwen2.5-3b
boiled_mushroom,baseline,Free-form,experiment_2025-12-09_20-12-21_boiled_mushroom.json,53564,134,1,14,134,0,399.7313432835821,156.5,3572.0,qwen2.5-3b
boiled_mushroom,baseline,Free-form,experiment_2025-12-09_20-29-19_boiled_mushroom.json,10638,23,1,14,22,1,483.54545454545456,169.0,3228.0,qwen2.5-3b
boiled_mushroom,baseline,Free-form,experiment_2025-12-09_20-36-17_boiled_mushroom.json,16475,50,1,14,48,2,343.2291666666667,152.0,3373.0,qwen2.5-3b
boiled_mushroom,baseline,Free-form,experiment_2025-12-09_20-46-26_boiled_mushroom.json,12807,54,1,14,52,2,246.28846153846155,149.0,3906.0,qwen2.5-3b
boiled_mushroom,baseline,Free-form,experiment_2025-12-09_21-02-17_boiled_mushroom.json,11505,32,1,14,30,2,383.5,137.5,3735.0,qwen2.5-3b
boiled_mushroom,reduced,Reduced,experiment_2025-12-09_21-35-27_boiled_mushroom.json,455,2,1,14,2,0,227.5,227.5,272.0,qwen2.5-3b
boiled_mushroom,reduced,Reduced,experiment_2025-12-09_21-36-24_boiled_mushroom.json,290,1,1,14,1,0,290.0,290.0,290.0,qwen2.5-3b
boiled_mushroom,reduced,Reduced,experiment_2025-12-09_21-39-50_boiled_mushroom.json,909,4,1,14,4,0,227.25,242.0,275.0,qwen2.5-3b
boiled_mushroom,reduced,Reduced,experiment_2025-12-09_21-40-58_boiled_mushroom.json,906,2,1,14,2,0,453.0,453.0,709.0,qwen2.5-3b
boiled_mushroom,reduced,Reduced,experiment_2025-12-09_21-42-54_boiled_mushroom.json,1189,5,1,14,5,0,237.8,215.0,393.0,qwen2.5-3b
boiled_mushroom,reduced,Reduced,experiment_2025-12-09_21-44-24_boiled_mushroom.json,4914,7,1,15,7,0,702.0,196.0,3843.0,qwen2.5-3b
boiled_mushroom,reduced,Reduced,experiment_2025-12-09_21-51-49_boiled_mushroom.json,1279,7,1,14,7,0,182.71428571428572,164.0,280.0,qwen2.5-3b
boiled_mushroom,reduced,Reduced,experiment_2025-12-09_21-52-35_boiled_mushroom.json,420,3,1,14,3,0,140.0,145.0,168.0,qwen2.5-3b
boiled_mushroom,reduced,Reduced,experiment_2025-12-09_21-56-48_boiled_mushroom.json,1805,8,1,14,8,0,225.625,201.0,425.0,qwen2.5-3b
boiled_mushroom,reduced,Reduced,experiment_2025-12-09_21-58-11_boiled_mushroom.json,1863,7,1,15,7,0,266.14285714285717,194.0,565.0,qwen2.5-3b
taro_bean_and_bell_pepper_patty,baseline,Free-form,experiment_2025-12-09_22-10-00_taro_bean_and_bell_pepper_patty.json,11354,29,1,58,26,3,436.6923076923077,162.5,3397.0,qwen2.5-3b
taro_bean_and_bell_pepper_patty,baseline,Free-form,experiment_2025-12-09_22-25-55_taro_bean_and_bell_pepper_patty.json,10897,53,1,59,53,0,205.60377358490567,143.0,2351.0,qwen2.5-3b
taro_bean_and_bell_pepper_patty,baseline,Free-form,experiment_2025-12-09_22-48-32_taro_bean_and_bell_pepper_patty.json,11219,23,1,57,20,3,560.95,160.0,3850.0,qwen2.5-3b
taro_bean_and_bell_pepper_patty,baseline,Free-form,experiment_2025-12-09_22-54-04_taro_bean_and_bell_pepper_patty.json,24850,53,1,58,48,5,517.7083333333334,156.5,3530.0,qwen2.5-3b
taro_bean_and_bell_pepper_patty,baseline,Free-form,experiment_2025-12-09_23-14-32_taro_bean_and_bell_pepper_patty.json,8989,20,1,57,19,1,473.10526315789474,173.0,3185.0,qwen2.5-3b
taro_bean_and_bell_pepper_patty,reduced,Reduced,experiment_2025-12-10_00-09-26_taro_bean_and_bell_pepper_patty.json,591,4,1,58,4,0,147.75,131.0,214.0,qwen2.5-3b
taro_bean_and_bell_pepper_patty,reduced,Reduced,experiment_2025-12-10_00-10-00_taro_bean_and_bell_pepper_patty.json,490,3,1,58,3,0,163.33333333333334,184.0,191.0,qwen2.5-3b
taro_bean_and_bell_pepper_patty,reduced,Reduced,experiment_2025-12-10_00-11-59_taro_bean_and_bell_pepper_patty.json,708,5,1,57,5,0,141.6,125.0,211.0,qwen2.5-3b
taro_bean_and_bell_pepper_patty,reduced,Reduced,experiment_2025-12-10_00-13-55_taro_bean_and_bell_pepper_patty.json,212,2,1,58,2,0,106.0,106.0,107.0,qwen2.5-3b
taro_bean_and_bell_pepper_patty,reduced,Reduced,experiment_2025-12-10_00-15-00_taro_bean_and_bell_pepper_patty.json,1069,7,1,57,7,0,152.71428571428572,169.0,283.0,qwen2.5-3b
zucchini_green_pea_and_onion_patty,baseline,Free-form,experiment_2025-12-09_23-23-02_zucchini_green_pea_and_onion_patty.json,14708,35,1,60,34,1,432.5882352941176,152.5,3400.0,qwen2.5-3b
zucchini_green_pea_and_onion_patty,baseline,Free-form,experiment_2025-12-09_23-32-15_zucchini_green_pea_and_onion_patty.json,26086,69,1,58,68,1,383.61764705882354,152.0,3455.0,qwen2.5-3b
zucchini_green_pea_and_onion_patty,baseline,Free-form,experiment_2025-12-09_23-44-34_zucchini_green_pea_and_onion_patty.json,17963,76,1,59,75,1,239.50666666666666,156.0,3113.0,qwen2.5-3b
zucchini_green_pea_and_onion_patty,baseline,Free-form,experiment_2025-12-09_23-51-11_zucchini_green_pea_and_onion_patty.json,28466,99,1,58,97,2,293.4639175257732,133.0,3357.0,qwen2.5-3b
zucchini_green_pea_and_onion_patty,baseline,Free-form,experiment_2025-12-10_00-02-37_zucchini_green_pea_and_onion_patty.json,10247,24,1,58,23,1,445.5217391304348,165.0,3503.0,qwen2.5-3b
zucchini_green_pea_and_onion_patty,reduced,Reduced,experiment_2025-12-10_00-17-37_zucchini_green_pea_and_onion_patty.json,1540,9,1,58,9,0,171.11111111111111,174.0,335.0,qwen2.5-3b
zucchini_green_pea_and_onion_patty,reduced,Reduced,experiment_2025-12-10_00-18-38_zucchini_green_pea_and_onion_patty.json,165,1,1,59,1,0,165.0,165.0,165.0,qwen2.5-3b
zucchini_green_pea_and_onion_patty,reduced,Reduced,experiment_2025-12-10_00-19-03_zucchini_green_pea_and_onion_patty.json,325,2,1,57,2,0,162.5,162.5,213.0,qwen2.5-3b
zucchini_green_pea_and_onion_patty,reduced,Reduced,experiment_2025-12-10_00-19-44_zucchini_green_pea_and_onion_patty.json,688,6,1,57,6,0,114.66666666666667,124.0,171.0,qwen2.5-3b
zucchini_green_pea_and_onion_patty,reduced,Reduced,experiment_2025-12-10_00-20-20_zucchini_green_pea_and_onion_patty.json,1969,10,1,59,10,0,196.9,154.5,448.0,qwen2.5-3b
