order,mode_key,mode,file,tokens,turns,success,timesteps,nonzero_calls,zero_token_calls,avg_tokens_per_call,median_tokens_per_call,max_tokens_per_call
boiled_egg,baseline,Baseline,experiment_2025-11-06_03-50-32_boiled_egg.json,13612,93,1,14,93,0,146.36559139784947,136.0,655.0
boiled_egg,baseline,Baseline,experiment_2025-11-06_03-57-03_boiled_egg.json,51528,347,1,28,345,2,149.35652173913044,148.0,269.0
boiled_egg,baseline,Baseline,experiment_2025-11-06_04-18-30_boiled_egg.json,60780,409,1,43,409,0,148.60635696821515,139.0,1047.0
boiled_egg,baseline,Baseline,experiment_2025-11-06_05-46-09_boiled_egg.json,27098,170,1,14,170,0,159.4,159.0,344.0
boiled_egg,baseline,Baseline,experiment_2025-11-06_06-10-47_boiled_egg.json,30186,195,1,14,194,1,155.5979381443299,152.0,271.0
boiled_egg,baseline,Baseline,experiment_2025-11-06_06-25-00_boiled_egg.json,22816,146,1,14,146,0,156.27397260273972,155.0,288.0
boiled_egg,baseline,Baseline,experiment_2025-11-06_06-34-48_boiled_egg.json,22544,142,1,14,141,1,159.88652482269504,159.0,294.0
boiled_egg,baseline,Baseline,experiment_2025-11-06_06-44-44_boiled_egg.json,24019,177,1,14,177,0,135.70056497175142,131.0,249.0
boiled_egg,baseline,Baseline,experiment_2025-11-06_06-55-17_boiled_egg.json,26473,159,1,14,156,3,169.69871794871796,140.5,3479.0
boiled_egg,baseline,Baseline,experiment_2025-11-06_07-06-18_boiled_egg.json,23931,170,1,14,168,2,142.44642857142858,135.0,267.0
boiled_egg,baseline,Baseline,experiment_2025-11-06_22-11-18_boiled_egg.json,26966,168,1,14,165,3,163.43030303030304,161.0,308.0
boiled_egg,baseline,Baseline,experiment_2025-11-06_22-24-08_boiled_egg.json,21522,141,1,14,141,0,152.63829787234042,153.0,288.0
boiled_egg,baseline,Baseline,experiment_2025-11-06_22-34-27_boiled_egg.json,57358,341,1,14,340,1,168.7,162.0,2105.0
boiled_egg,baseline,Baseline,experiment_2025-11-06_23-00-48_boiled_egg.json,22863,150,1,14,150,0,152.42,148.0,264.0
boiled_egg,baseline,Baseline,experiment_2025-11-06_23-11-49_boiled_egg.json,30304,207,1,15,206,1,147.10679611650485,143.0,308.0
boiled_egg,reduced,Reduced,experiment_2025-11-06_07-19-02_boiled_egg.json,1399,7,1,14,7,0,199.85714285714286,156.0,471.0
boiled_egg,reduced,Reduced,experiment_2025-11-06_07-20-16_boiled_egg.json,1196,8,1,14,8,0,149.5,138.5,205.0
boiled_egg,reduced,Reduced,experiment_2025-11-06_07-23-03_boiled_egg.json,1680,13,1,15,9,4,186.66666666666666,197.0,253.0
boiled_egg,reduced,Reduced,experiment_2025-11-06_07-24-33_boiled_egg.json,1242,12,1,15,8,4,155.25,152.0,200.0
boiled_egg,reduced,Reduced,experiment_2025-11-06_07-26-15_boiled_egg.json,1088,10,1,15,6,4,181.33333333333334,161.0,316.0
boiled_egg,reduced,Reduced,experiment_2025-11-06_07-27-37_boiled_egg.json,1050,7,1,14,7,0,150.0,161.0,186.0
boiled_egg,reduced,Reduced,experiment_2025-11-06_07-28-51_boiled_egg.json,1119,12,1,15,8,4,139.875,140.0,193.0
boiled_egg,reduced,Reduced,experiment_2025-11-06_07-29-35_boiled_egg.json,981,8,1,14,8,0,122.625,119.0,201.0
boiled_egg,reduced,Reduced,experiment_2025-11-06_07-30-50_boiled_egg.json,1139,6,1,14,6,0,189.83333333333334,205.0,253.0
boiled_egg,reduced,Reduced,experiment_2025-11-06_07-31-36_boiled_egg.json,1276,8,1,14,8,0,159.5,150.5,247.0
boiled_egg,reduced,Reduced,experiment_2025-11-06_23-29-36_boiled_egg.json,837,6,1,14,6,0,139.5,133.5,198.0
boiled_egg,reduced,Reduced,experiment_2025-11-06_23-30-54_boiled_egg.json,1050,8,1,14,8,0,131.25,137.5,186.0
boiled_egg,reduced,Reduced,experiment_2025-11-06_23-33-28_boiled_egg.json,1309,12,1,15,8,4,163.625,151.5,304.0
boiled_egg,reduced,Reduced,experiment_2025-11-06_23-34-33_boiled_egg.json,1308,8,1,14,8,0,163.5,164.0,241.0
boiled_egg,reduced,Reduced,experiment_2025-11-06_23-35-18_boiled_egg.json,1262,9,1,14,9,0,140.22222222222223,134.0,171.0
boiled_mushroom,baseline,Baseline,experiment_2025-11-06_07-55-11_boiled_mushroom.json,18818,136,1,15,135,1,139.3925925925926,133.0,298.0
boiled_mushroom,baseline,Baseline,experiment_2025-11-06_08-05-15_boiled_mushroom.json,26217,177,1,15,176,1,148.96022727272728,140.0,358.0
boiled_mushroom,baseline,Baseline,experiment_2025-11-06_08-18-37_boiled_mushroom.json,50690,329,1,14,327,2,155.01529051987768,151.0,300.0
boiled_mushroom,baseline,Baseline,experiment_2025-11-06_16-58-25_boiled_mushroom.json,25955,178,1,14,178,0,145.81460674157304,142.0,636.0
boiled_mushroom,baseline,Baseline,experiment_2025-11-06_17-09-57_boiled_mushroom.json,48822,362,1,14,359,3,135.99442896935932,129.0,375.0
boiled_mushroom,baseline,Baseline,experiment_2025-11-06_17-33-42_boiled_mushroom.json,34194,221,1,14,221,0,154.7239819004525,151.0,336.0
boiled_mushroom,baseline,Baseline,experiment_2025-11-06_17-49-33_boiled_mushroom.json,28603,186,1,14,186,0,153.77956989247312,146.5,327.0
boiled_mushroom,baseline,Baseline,experiment_2025-11-06_18-03-21_boiled_mushroom.json,25773,184,1,14,184,0,140.07065217391303,132.5,284.0
boiled_mushroom,baseline,Baseline,experiment_2025-11-06_18-18-17_boiled_mushroom.json,23703,164,1,14,163,1,145.41717791411043,145.0,235.0
boiled_mushroom,baseline,Baseline,experiment_2025-11-06_19-46-54_boiled_mushroom.json,41693,295,1,14,294,1,141.81292517006804,140.0,292.0
boiled_mushroom,baseline,Baseline,experiment_2025-11-06_20-38-01_boiled_mushroom.json,31250,211,1,15,208,3,150.2403846153846,146.5,327.0
boiled_mushroom,baseline,Baseline,experiment_2025-11-06_20-57-29_boiled_mushroom.json,15758,104,1,14,104,0,151.51923076923077,150.0,334.0
boiled_mushroom,baseline,Baseline,experiment_2025-11-06_21-05-49_boiled_mushroom.json,46036,317,1,14,316,1,145.68354430379748,142.0,420.0
boiled_mushroom,baseline,Baseline,experiment_2025-11-06_21-38-44_boiled_mushroom.json,39730,251,1,14,251,0,158.28685258964143,157.0,560.0
boiled_mushroom,baseline,Baseline,experiment_2025-11-06_21-57-13_boiled_mushroom.json,27926,178,1,14,178,0,156.8876404494382,147.0,331.0
boiled_mushroom,reduced,Reduced,experiment_2025-11-06_07-36-05_boiled_mushroom.json,1258,13,1,15,9,4,139.77777777777777,142.0,177.0
boiled_mushroom,reduced,Reduced,experiment_2025-11-06_07-38-16_boiled_mushroom.json,1271,13,1,15,9,4,141.22222222222223,136.0,197.0
boiled_mushroom,reduced,Reduced,experiment_2025-11-06_07-39-40_boiled_mushroom.json,1211,8,1,14,8,0,151.375,153.0,190.0
boiled_mushroom,reduced,Reduced,experiment_2025-11-06_07-43-26_boiled_mushroom.json,1128,6,1,14,6,0,188.0,163.0,369.0
boiled_mushroom,reduced,Reduced,experiment_2025-11-06_07-44-20_boiled_mushroom.json,1324,13,1,15,9,4,147.11111111111111,164.0,204.0
boiled_mushroom,reduced,Reduced,experiment_2025-11-06_07-45-12_boiled_mushroom.json,943,6,1,14,6,0,157.16666666666666,136.5,229.0
boiled_mushroom,reduced,Reduced,experiment_2025-11-06_07-46-07_boiled_mushroom.json,1216,8,1,14,8,0,152.0,140.5,250.0
boiled_mushroom,reduced,Reduced,experiment_2025-11-06_07-47-57_boiled_mushroom.json,1396,12,1,15,8,4,174.5,167.5,234.0
boiled_mushroom,reduced,Reduced,experiment_2025-11-06_07-49-21_boiled_mushroom.json,1115,12,1,15,8,4,139.375,124.0,251.0
boiled_mushroom,reduced,Reduced,experiment_2025-11-06_07-50-40_boiled_mushroom.json,1046,8,1,14,8,0,130.75,128.0,166.0
boiled_mushroom,reduced,Reduced,experiment_2025-11-06_23-39-30_boiled_mushroom.json,1394,8,1,14,8,0,174.25,159.5,288.0
boiled_mushroom,reduced,Reduced,experiment_2025-11-06_23-40-32_boiled_mushroom.json,1523,8,1,14,8,0,190.375,183.0,251.0
boiled_mushroom,reduced,Reduced,experiment_2025-11-06_23-41-24_boiled_mushroom.json,1212,9,1,14,9,0,134.66666666666666,130.0,172.0
boiled_mushroom,reduced,Reduced,experiment_2025-11-06_23-42-35_boiled_mushroom.json,1211,7,1,14,7,0,173.0,186.0,240.0
boiled_mushroom,reduced,Reduced,experiment_2025-11-06_23-44-12_boiled_mushroom.json,1398,8,1,14,8,0,174.75,178.5,197.0
